adaptive_group_reconstructed,percent
A,68.42105263157895
B,20.212765957446805
