adaptive_group_reconstructed,percent
A,85.71428571428571
B,19.718309859154928
