adaptive_group_reconstructed,percent
A,35.714285714285715
B,45.65217391304348
